,economy,Country,Year,gdp_per_capita_usd,renewable_energy_pct
0,BRA,Brazil,2010,8792.63436120342,46.8
1,BRA,Brazil,2011,9067.99316348047,45.2
2,BRA,Brazil,2012,9167.49923929815,43.5
3,BRA,Brazil,2013,9366.73932434359,42.3
4,BRA,Brazil,2014,9338.34278278114,41.7
5,BRA,Brazil,2015,8936.19661712113,43.7
6,BRA,Brazil,2016,8577.84376650911,45.4
7,DEU,Germany,2010,38526.7371042695,11.6
8,DEU,Germany,2011,40722.4849268242,12.5
9,DEU,Germany,2012,40834.5088218456,13.6
10,DEU,Germany,2013,40884.8926759028,13.6
11,DEU,Germany,2014,41602.4661281668,14.0
12,DEU,Germany,2015,41929.7549110722,14.6
13,DEU,Germany,2016,42516.9337063103,14.2
14,ETH,Ethiopia,2010,421.898622378633,94.1
15,ETH,Ethiopia,2011,455.909628648555,93.6
16,ETH,Ethiopia,2012,481.639999909808,93.3
17,ETH,Ethiopia,2013,518.324662208106,92.4
18,ETH,Ethiopia,2014,556.362532243867,91.4
19,ETH,Ethiopia,2015,597.912113218663,91.5
20,ETH,Ethiopia,2016,636.835680951429,90.4
21,IND,India,2010,1235.15939132939,36.2
22,IND,India,2011,1281.61054354937,35.0
23,IND,India,2012,1333.09626557649,34.8
24,IND,India,2013,1399.4537980281,34.9
25,IND,India,2014,1484.31640682961,33.9
26,IND,India,2015,1583.99815907985,33.4
27,IND,India,2016,1694.46534973787,33.0
28,USA,United States,2010,52812.6829869279,7.4
29,USA,United States,2011,53215.5362314388,8.4
30,USA,United States,2012,54000.8410778217,8.5
31,USA,United States,2013,54728.860179812,8.9
32,USA,United States,2014,55665.2411187802,9.0
33,USA,United States,2015,56849.4697923159,8.9
34,USA,United States,2016,57430.8499298804,9.3
